,estimator,score,pvalue
0,GNB,0.64,0.009900990099009901
1,MLP,0.5880000000000001,0.009900990099009901
2,LRC,0.5960000000000001,0.009900990099009901
